日期,類型,金額,大類,小類,幣別,原幣金額,備註,付款方式
2026-09-05,收入,52000,薪資,工作薪水,TWD,,,
2026-09-10,支出,899,水電,電話費,TWD,,,
2026-09-01,支出,105,購物,日常用品,TWD,,,
2026-09-01,支出,107,餐飲,早餐,TWD,,,
2026-09-02,支出,177,餐飲,晚餐,TWD,,,
2026-09-02,支出,107,餐飲,午餐,TWD,,,
2026-09-03,支出,169,購物,日常用品,TWD,,,
2026-09-03,支出,97,餐飲,早餐,TWD,,,
2026-09-04,支出,31,交通,公共運輸,TWD,,,
2026-09-04,支出,65,餐飲,早餐,TWD,,,
2026-09-05,支出,154,餐飲,午餐,TWD,,,
2026-09-05,支出,357,娛樂,電影,TWD,,,
2026-09-06,支出,72,餐飲,早餐,TWD,,,
2026-09-06,支出,79,餐飲,飲料,TWD,,,
2026-09-07,支出,58,交通,公共運輸,TWD,,,
2026-09-07,支出,165,餐飲,午餐,TWD,,,
2026-09-08,支出,314,餐飲,晚餐,TWD,,,
2026-09-08,支出,111,餐飲,早餐,TWD,,,
2026-09-09,支出,144,餐飲,午餐,TWD,,,
2026-09-09,支出,428,購物,日常用品,TWD,,,
2026-09-10,支出,175,餐飲,晚餐,TWD,,,
2026-09-10,支出,133,餐飲,午餐,TWD,,,
2026-09-11,支出,84,餐飲,早餐,TWD,,,
2026-09-11,支出,292,娛樂,電影,TWD,,,
2026-09-12,支出,274,餐飲,晚餐,TWD,,,
2026-09-12,支出,313,娛樂,電影,TWD,,,
2026-09-13,支出,373,娛樂,電影,TWD,,,
2026-09-13,支出,89,餐飲,早餐,TWD,,,
2026-09-14,支出,69,餐飲,飲料,TWD,,,
2026-09-14,支出,65,餐飲,早餐,TWD,,,
2026-09-15,支出,68,餐飲,飲料,TWD,,,
2026-09-15,支出,267,餐飲,晚餐,TWD,,,
2026-09-16,支出,98,餐飲,午餐,TWD,,,
2026-09-16,支出,126,購物,日常用品,TWD,,,
2026-09-17,支出,376,購物,日常用品,TWD,,,
2026-09-17,支出,100,餐飲,午餐,TWD,,,
2026-09-18,支出,390,娛樂,電影,TWD,,,
2026-09-18,支出,102,餐飲,午餐,TWD,,,
2026-09-19,支出,59,交通,公共運輸,TWD,,,
2026-09-19,支出,282,餐飲,晚餐,TWD,,,
2026-09-20,支出,300,娛樂,電影,TWD,,,
2026-09-20,支出,214,餐飲,晚餐,TWD,,,
2026-09-21,支出,291,餐飲,晚餐,TWD,,,
2026-09-21,支出,124,餐飲,午餐,TWD,,,
2026-09-22,支出,153,購物,日常用品,TWD,,,
2026-09-22,支出,357,娛樂,電影,TWD,,,
2026-09-23,支出,330,購物,日常用品,TWD,,,
2026-09-23,支出,110,餐飲,午餐,TWD,,,
2026-09-24,支出,47,交通,公共運輸,TWD,,,
2026-09-24,支出,398,娛樂,電影,TWD,,,
2026-09-25,支出,304,購物,日常用品,TWD,,,
2026-09-25,支出,367,娛樂,電影,TWD,,,
2026-09-26,支出,178,餐飲,晚餐,TWD,,,
2026-09-26,支出,112,餐飲,早餐,TWD,,,
2026-09-27,支出,85,餐飲,早餐,TWD,,,
2026-09-27,支出,188,餐飲,晚餐,TWD,,,
2026-09-28,支出,118,餐飲,早餐,TWD,,,
2026-09-28,支出,162,餐飲,午餐,TWD,,,
2026-09-29,支出,297,購物,日常用品,TWD,,,
2026-09-29,支出,287,餐飲,晚餐,TWD,,,
2026-09-30,支出,71,交通,公共運輸,TWD,,,
2026-09-30,支出,338,娛樂,電影,TWD,,,
2026-10-05,收入,52000,薪資,工作薪水,TWD,,,
2026-10-10,支出,899,水電,電話費,TWD,,,
2026-10-17,支出,8200,交通,保養維修,TWD,,,
2026-10-01,支出,107,餐飲,午餐,TWD,,,
2026-10-01,支出,183,餐飲,晚餐,TWD,,,
2026-10-02,支出,349,購物,日常用品,TWD,,,
2026-10-02,支出,72,餐飲,飲料,TWD,,,
2026-10-03,支出,68,餐飲,飲料,TWD,,,
2026-10-03,支出,44,交通,公共運輸,TWD,,,
2026-10-04,支出,153,餐飲,午餐,TWD,,,
2026-10-04,支出,50,餐飲,飲料,TWD,,,
2026-10-05,支出,390,娛樂,電影,TWD,,,
2026-10-05,支出,67,餐飲,早餐,TWD,,,
2026-10-06,支出,110,餐飲,午餐,TWD,,,
2026-10-06,支出,512,購物,日常用品,TWD,,,
2026-10-07,支出,69,餐飲,飲料,TWD,,,
2026-10-07,支出,84,餐飲,早餐,TWD,,,
2026-10-08,支出,78,餐飲,飲料,TWD,,,
2026-10-08,支出,46,交通,公共運輸,TWD,,,
2026-10-09,支出,52,餐飲,飲料,TWD,,,
2026-10-09,支出,103,餐飲,早餐,TWD,,,
2026-10-10,支出,66,餐飲,飲料,TWD,,,
2026-10-10,支出,148,餐飲,晚餐,TWD,,,
2026-10-11,支出,160,餐飲,晚餐,TWD,,,
2026-10-11,支出,59,交通,公共運輸,TWD,,,
2026-10-12,支出,116,餐飲,早餐,TWD,,,
2026-10-12,支出,349,購物,日常用品,TWD,,,
2026-10-13,支出,77,餐飲,飲料,TWD,,,
2026-10-13,支出,103,餐飲,午餐,TWD,,,
2026-10-14,支出,318,娛樂,電影,TWD,,,
2026-10-14,支出,599,購物,日常用品,TWD,,,
2026-10-15,支出,54,餐飲,飲料,TWD,,,
2026-10-15,支出,137,餐飲,午餐,TWD,,,
2026-10-16,支出,349,娛樂,電影,TWD,,,
2026-10-16,支出,157,餐飲,午餐,TWD,,,
2026-10-17,支出,80,餐飲,早餐,TWD,,,
2026-10-17,支出,76,餐飲,飲料,TWD,,,
2026-10-18,支出,119,餐飲,早餐,TWD,,,
2026-10-18,支出,326,娛樂,電影,TWD,,,
2026-10-19,支出,310,娛樂,電影,TWD,,,
2026-10-19,支出,134,餐飲,晚餐,TWD,,,
2026-10-20,支出,100,餐飲,午餐,TWD,,,
2026-10-20,支出,50,餐飲,飲料,TWD,,,
2026-10-21,支出,150,購物,日常用品,TWD,,,
2026-10-21,支出,78,交通,公共運輸,TWD,,,
2026-10-22,支出,53,餐飲,飲料,TWD,,,
2026-10-22,支出,174,餐飲,午餐,TWD,,,
2026-10-23,支出,40,交通,公共運輸,TWD,,,
2026-10-23,支出,61,餐飲,飲料,TWD,,,
2026-10-24,支出,72,餐飲,飲料,TWD,,,
2026-10-24,支出,307,娛樂,電影,TWD,,,
2026-10-25,支出,57,餐飲,飲料,TWD,,,
2026-10-25,支出,399,購物,日常用品,TWD,,,
2026-10-26,支出,71,交通,公共運輸,TWD,,,
2026-10-26,支出,462,購物,日常用品,TWD,,,
2026-10-27,支出,58,交通,公共運輸,TWD,,,
2026-10-27,支出,52,餐飲,飲料,TWD,,,
2026-10-28,支出,98,餐飲,午餐,TWD,,,
2026-10-28,支出,323,娛樂,電影,TWD,,,
2026-10-29,支出,95,餐飲,早餐,TWD,,,
2026-10-29,支出,59,餐飲,飲料,TWD,,,
2026-10-30,支出,45,餐飲,飲料,TWD,,,
2026-10-30,支出,99,餐飲,午餐,TWD,,,
2026-10-31,支出,140,購物,日常用品,TWD,,,
2026-10-31,支出,309,娛樂,電影,TWD,,,
2026-11-05,收入,52000,薪資,工作薪水,TWD,,,
2026-11-10,支出,899,水電,電話費,TWD,,,
2026-11-01,支出,115,餐飲,早餐,TWD,,,
2026-11-01,支出,322,娛樂,電影,TWD,,,
2026-11-02,支出,75,餐飲,早餐,TWD,,,
2026-11-02,支出,62,餐飲,飲料,TWD,,,
2026-11-03,支出,299,購物,日常用品,TWD,,,
2026-11-03,支出,64,交通,公共運輸,TWD,,,
2026-11-04,支出,163,餐飲,午餐,TWD,,,
2026-11-04,支出,564,購物,日常用品,TWD,,,
2026-11-05,支出,142,餐飲,午餐,TWD,,,
2026-11-05,支出,42,交通,公共運輸,TWD,,,
2026-11-06,支出,102,餐飲,早餐,TWD,,,
2026-11-06,支出,335,娛樂,電影,TWD,,,
2026-11-07,支出,225,餐飲,晚餐,TWD,,,
2026-11-07,支出,59,交通,公共運輸,TWD,,,
2026-11-08,支出,286,娛樂,電影,TWD,,,
2026-11-08,支出,180,購物,日常用品,TWD,,,
2026-11-09,支出,106,餐飲,早餐,TWD,,,
2026-11-09,支出,51,交通,公共運輸,TWD,,,
2026-11-10,支出,311,娛樂,電影,TWD,,,
2026-11-10,支出,72,餐飲,早餐,TWD,,,
2026-11-11,支出,147,餐飲,午餐,TWD,,,
2026-11-11,支出,53,餐飲,飲料,TWD,,,
2026-11-12,支出,47,交通,公共運輸,TWD,,,
2026-11-12,支出,149,餐飲,午餐,TWD,,,
2026-11-13,支出,146,餐飲,午餐,TWD,,,
2026-11-13,支出,111,餐飲,早餐,TWD,,,
2026-11-14,支出,292,娛樂,電影,TWD,,,
2026-11-14,支出,48,餐飲,飲料,TWD,,,
2026-11-15,支出,95,購物,日常用品,TWD,,,
2026-11-15,支出,50,餐飲,飲料,TWD,,,
2026-11-16,支出,301,娛樂,電影,TWD,,,
2026-11-16,支出,142,餐飲,午餐,TWD,,,
2026-11-17,支出,43,交通,公共運輸,TWD,,,
2026-11-17,支出,390,娛樂,電影,TWD,,,
2026-11-18,支出,40,交通,公共運輸,TWD,,,
2026-11-18,支出,84,餐飲,早餐,TWD,,,
2026-11-19,支出,76,餐飲,早餐,TWD,,,
2026-11-19,支出,80,交通,公共運輸,TWD,,,
2026-11-20,支出,316,娛樂,電影,TWD,,,
2026-11-20,支出,57,交通,公共運輸,TWD,,,
2026-11-21,支出,578,購物,日常用品,TWD,,,
2026-11-21,支出,299,娛樂,電影,TWD,,,
2026-11-22,支出,117,餐飲,午餐,TWD,,,
2026-11-22,支出,134,餐飲,晚餐,TWD,,,
2026-11-23,支出,79,餐飲,飲料,TWD,,,
2026-11-23,支出,142,購物,日常用品,TWD,,,
2026-11-24,支出,138,購物,日常用品,TWD,,,
2026-11-24,支出,132,餐飲,晚餐,TWD,,,
2026-11-25,支出,77,餐飲,飲料,TWD,,,
2026-11-25,支出,63,交通,公共運輸,TWD,,,
2026-11-26,支出,155,餐飲,午餐,TWD,,,
2026-11-26,支出,65,餐飲,早餐,TWD,,,
2026-11-27,支出,288,娛樂,電影,TWD,,,
2026-11-27,支出,166,餐飲,午餐,TWD,,,
2026-11-28,支出,115,餐飲,早餐,TWD,,,
2026-11-28,支出,320,購物,日常用品,TWD,,,
2026-11-29,支出,66,交通,公共運輸,TWD,,,
2026-11-29,支出,75,餐飲,早餐,TWD,,,
2026-11-30,支出,47,餐飲,飲料,TWD,,,
2026-11-30,支出,359,娛樂,電影,TWD,,,
2026-12-05,收入,52000,薪資,工作薪水,TWD,,,
2026-12-10,支出,899,水電,電話費,TWD,,,
2026-12-01,支出,102,餐飲,早餐,TWD,,,
2026-12-01,支出,67,交通,公共運輸,TWD,,,
2026-12-02,支出,65,餐飲,飲料,TWD,,,
2026-12-02,支出,399,娛樂,電影,TWD,,,
2026-12-03,支出,291,餐飲,晚餐,TWD,,,
2026-12-03,支出,130,餐飲,午餐,TWD,,,
2026-12-04,支出,140,餐飲,午餐,TWD,,,
2026-12-04,支出,153,餐飲,晚餐,TWD,,,
2026-12-05,支出,387,購物,日常用品,TWD,,,
2026-12-05,支出,338,娛樂,電影,TWD,,,
2026-12-06,支出,122,餐飲,晚餐,TWD,,,
2026-12-06,支出,89,餐飲,早餐,TWD,,,
2026-12-07,支出,51,餐飲,飲料,TWD,,,
2026-12-07,支出,289,娛樂,電影,TWD,,,
2026-12-08,支出,77,餐飲,飲料,TWD,,,
2026-12-08,支出,123,餐飲,午餐,TWD,,,
2026-12-09,支出,98,餐飲,午餐,TWD,,,
2026-12-09,支出,345,餐飲,晚餐,TWD,,,
2026-12-10,支出,126,餐飲,午餐,TWD,,,
2026-12-10,支出,160,餐飲,晚餐,TWD,,,
2026-12-11,支出,75,交通,公共運輸,TWD,,,
2026-12-11,支出,64,餐飲,飲料,TWD,,,
2026-12-12,支出,78,餐飲,飲料,TWD,,,
2026-12-12,支出,88,購物,日常用品,TWD,,,
2026-12-13,支出,386,購物,日常用品,TWD,,,
2026-12-13,支出,51,餐飲,飲料,TWD,,,
2026-12-14,支出,104,餐飲,午餐,TWD,,,
2026-12-14,支出,347,餐飲,晚餐,TWD,,,
2026-12-15,支出,95,餐飲,早餐,TWD,,,
2026-12-15,支出,239,購物,日常用品,TWD,,,
2026-12-16,支出,274,餐飲,晚餐,TWD,,,
2026-12-16,支出,306,娛樂,電影,TWD,,,
2026-12-17,支出,288,購物,日常用品,TWD,,,
2026-12-17,支出,295,餐飲,晚餐,TWD,,,
2026-12-18,支出,597,購物,日常用品,TWD,,,
2026-12-18,支出,245,餐飲,晚餐,TWD,,,
2026-12-19,支出,143,餐飲,晚餐,TWD,,,
2026-12-19,支出,100,餐飲,早餐,TWD,,,
2026-12-20,支出,32,交通,公共運輸,TWD,,,
2026-12-20,支出,120,餐飲,晚餐,TWD,,,
2026-12-21,支出,283,餐飲,晚餐,TWD,,,
2026-12-21,支出,123,餐飲,午餐,TWD,,,
2026-12-22,支出,146,餐飲,午餐,TWD,,,
2026-12-22,支出,517,購物,日常用品,TWD,,,
2026-12-23,支出,52,餐飲,飲料,TWD,,,
2026-12-23,支出,64,餐飲,早餐,TWD,,,
2026-12-24,支出,116,購物,日常用品,TWD,,,
2026-12-24,支出,137,餐飲,午餐,TWD,,,
2026-12-25,支出,54,餐飲,飲料,TWD,,,
2026-12-25,支出,335,娛樂,電影,TWD,,,
2026-12-26,支出,129,餐飲,午餐,TWD,,,
2026-12-26,支出,83,餐飲,早餐,TWD,,,
2026-12-27,支出,395,娛樂,電影,TWD,,,
2026-12-27,支出,82,餐飲,早餐,TWD,,,
2026-12-28,支出,121,餐飲,午餐,TWD,,,
2026-12-28,支出,185,購物,日常用品,TWD,,,
2026-12-29,支出,346,餐飲,晚餐,TWD,,,
2026-12-29,支出,71,餐飲,飲料,TWD,,,
2026-12-30,支出,54,餐飲,飲料,TWD,,,
2026-12-30,支出,322,購物,日常用品,TWD,,,
2026-12-31,支出,382,娛樂,電影,TWD,,,
2026-12-31,支出,112,餐飲,午餐,TWD,,,
